{
  "toggle_mod": true,
  "animation_speed": 400,
  "curve_points": [
    [
      0.1553833,
      0.3392383
    ],
    [
      0.6244995,
      0.8294336
    ]
  ]
}